{
  "forbidden_area": null,
  "limit_speed_area": null,
  "metadata": {
    "free_thresh": 0.19599999487400055,
    "height": 768,
    "modify_time": "20220624_100332",
    "negate": 0,
    "occupied_thresh": 0.6499999761581421,
    "origin": [-17.600000262260437, -27.200000405311584, 0],
    "resolution": 0.05000000074505806,
    "width": 832
  },
  "point": null,
  "virtual_path": [],
  "virtual_wall": null
}
